operation,shape,library,version,median_ms,p95_ms,max_abs_error,threads,dtype
GEMM,1 × 256 × 256,NexusModel,1.0.0,0.00602,0.009736999999999999,2.7513802025591616e-07,1,float32
GEMM,1 × 256 × 256,NumPy,2.3.5,0.01371,0.022774,3.749758001880821e-07,1,float32
GEMM,1 × 256 × 256,PyTorch,2.14.0+cpu,0.01938,0.029613,3.826379768590016e-07,1,float32
GEMM,7 × 129 × 33,NexusModel,1.0.0,0.00394,0.0058839999999999995,4.128411414949795e-07,1,float32
GEMM,7 × 129 × 33,NumPy,2.3.5,0.01593,0.019191,4.128411414949795e-07,1,float32
GEMM,7 × 129 × 33,PyTorch,2.14.0+cpu,0.00729,0.017793,4.128411414949795e-07,1,float32
GEMM,32 × 256 × 256,NexusModel,1.0.0,0.15463,0.18019999999999997,1.1030532420797101e-06,1,float32
GEMM,32 × 256 × 256,NumPy,2.3.5,0.19405,0.25607499999999994,1.8373958776685129e-06,1,float32
GEMM,32 × 256 × 256,PyTorch,2.14.0+cpu,0.14213,0.172703,1.1030532420797101e-06,1,float32
GEMM,96 × 768 × 192,NexusModel,1.0.0,0.74106,0.912536,2.8217196472724027e-06,1,float32
GEMM,96 × 768 × 192,NumPy,2.3.5,0.8929199999999999,1.027303,3.333303334684956e-06,1,float32
GEMM,96 × 768 × 192,PyTorch,2.14.0+cpu,0.8082,0.869756,3.2247677452801327e-06,1,float32
GEMM,128 × 512 × 512,NexusModel,1.0.0,1.76533,2.051949,1.972865313781824e-06,1,float32
GEMM,128 × 512 × 512,NumPy,2.3.5,1.9079799999999998,2.15031,2.835079284224662e-06,1,float32
GEMM,128 × 512 × 512,PyTorch,2.14.0+cpu,1.8616300000000001,2.045499,2.282808721609797e-06,1,float32
GEMM,256 × 1024 × 1024,NexusModel,1.0.0,15.0622,15.989602999999999,3.669252247817667e-06,1,float32
GEMM,256 × 1024 × 1024,NumPy,2.3.5,13.73203,14.500368,4.237017039443458e-06,1,float32
GEMM,256 × 1024 × 1024,PyTorch,2.14.0+cpu,14.438170000000001,15.772557999999998,3.959657253638227e-06,1,float32
ReLU,"65,536",NexusModel,1.0.0,0.018090000000000002,0.023857,0.0,1,float32
ReLU,"65,536",NumPy,2.3.5,0.1,0.13649099999999997,0.0,1,float32
ReLU,"65,536",PyTorch,2.14.0+cpu,0.02898,0.037951,0.0,1,float32
ReLU,"1,048,576",NexusModel,1.0.0,0.23882,0.310445,0.0,1,float32
ReLU,"1,048,576",NumPy,2.3.5,1.38747,1.602866,0.0,1,float32
ReLU,"1,048,576",PyTorch,2.14.0+cpu,0.31128,0.43198399999999987,0.0,1,float32
ReLU,"4,194,304",NexusModel,1.0.0,2.1986299999999996,2.7186179999999998,0.0,1,float32
ReLU,"4,194,304",NumPy,2.3.5,5.541180000000001,6.204368,0.0,1,float32
ReLU,"4,194,304",PyTorch,2.14.0+cpu,2.31279,2.9210999999999996,0.0,1,float32
